{
  "R": 2,
  "factors": {
    "F1": "market-wide default-risk factor",
    "F2": "sector-rotation factor"
  },
  "sectors": [
    "Basic Materials",
    "Capital Goods",
    "Consumer",
    "Energy",
    "Finance",
    "Healthcare",
    "Technology",
    "Utilities"
  ],
  "intercept": [
    -5.757638296546287,
    -5.542836489275741,
    -5.929483764760166,
    -5.399420843200665,
    -5.226781692600105,
    -6.125310711180895,
    -5.973239096714719,
    -6.1311545051443
  ],
  "loadings": [
    [
      -0.37633008962454256,
      -0.393476629521329
    ],
    [
      -0.3850706734097201,
      -0.13159725109523415
    ],
    [
      -0.253231647226013,
      0.18310246699473873
    ],
    [
      -0.4569166533211784,
      -0.41106045637938604
    ],
    [
      -0.44287643987271685,
      -0.022723736932293785
    ],
    [
      -0.2514572116871741,
      0.6530909766206069
    ],
    [
      -0.39233931364786107,
      0.38824044139046365
    ],
    [
      -0.15458569644843234,
      0.2181427537458806
    ]
  ],
  "phis": [
    0.5631920774134606,
    0.1341777862259655
  ],
  "innov_sd": [
    0.7420639763248412,
    0.6257289709548468
  ],
  "sigma_eps_common": 0.44195866015393814
}