k_month,observed_var
1,1.3134350641459962e-06
3,9.68803031601e-07
6,8.309987494428093e-07
12,5.734491591315654e-07
