sector,months,obligor_months,defaults,mean_monthly_default_rate,sd_monthly_default_rate,lambda_F1_market_wide,lambda_F2_sector_rotation,sector_logit_sd
Basic Materials,312,502432,1686,0.0033523143416819387,0.0019480418592512552,-0.37633008962454256,-0.393476629521329,0.5913945925042391
Capital Goods,312,527395,2193,0.0041828756680092685,0.0021976059180626355,-0.3850706734097201,-0.13159725109523415,0.5800890042061968
Consumer,312,552932,1545,0.0027939498882463723,0.0015296628893341632,-0.253231647226013,0.18310246699473873,0.603691657042123
Energy,312,577781,2920,0.005068179808360608,0.0031613563267461086,-0.4569166533211784,-0.41106045637938604,0.6206322999234414
Finance,312,601983,3529,0.005873008692859423,0.003113187987967254,-0.44287643987271685,-0.022723736932293785,0.5578469387776704
Healthcare,312,626507,1444,0.0023012615306586635,0.001397575753102324,-0.2514572116871741,0.6530909766206069,0.6081420606217824
Technology,312,650973,1792,0.0027448881508837972,0.001575752973827315,-0.39233931364786107,0.38824044139046365,0.6167898600050157
Utilities,312,674841,1494,0.0022138819485998363,0.0011482502914743546,-0.15458569644843234,0.2181427537458806,0.5278364439706715
