sector,observed_mean_rate,predictive_mean_rate,observed_sd_rate,predictive_sd_rate,coverage_90,factor_variance_share,common_eps_variance_share
Basic Materials,0.003352314341681939,0.003802015518647061,0.0019480418592512554,0.0029547594757815955,0.9839743589743589,0.5044639137365003,0.49553608626349965
Capital Goods,0.0041828756680092685,0.004590718863312037,0.002197605918062637,0.003243822611897055,0.9647435897435898,0.375887961294558,0.624112038705442
Consumer,0.0027939498882463723,0.003019817668509107,0.0015296628893341632,0.002095911865240584,0.967948717948718,0.17883527524118506,0.821164724758815
Energy,0.005068179808360608,0.005590420790340376,0.003161356326746108,0.0043658804048619685,0.9647435897435898,0.6133450993268204,0.3866549006731797
Finance,0.005873008692859423,0.006385295874976576,0.0031131879879672543,0.004457790216392298,0.967948717948718,0.5087097624617867,0.4912902375382134
Healthcare,0.0023012615306586635,0.002684455746911302,0.0013975757531023239,0.002240051319854703,0.9711538461538461,0.6017208983811237,0.3982791016188763
Technology,0.0027448881508837972,0.003087242471004644,0.0015757529738273152,0.0024128799633915243,0.9871794871794872,0.485523781016274,0.514476218983726
Utilities,0.0022138819485998363,0.0024331213429538688,0.001148250291474355,0.0016257928761562364,0.9711538461538461,0.1378396681914557,0.8621603318085443
